Nama;AgeGroup;Laki_laki;Perempuan;Total;Laki_persen;Perempuan_persen
ACEH;0-4;251.133;239.742;490.875;9%;-9%
ACEH;05-9;248.087;237.231;485.318;9%;-9%
ACEH;10-14;249.888;235.033;484.921;9%;-9%
ACEH;15-19;245.079;231.662;476.741;9%;-9%
ACEH;20-24;239.338;229.461;468.799;9%;-9%
ACEH;25-29;228.907;222.144;451.051;9%;-8%
ACEH;30-34;218.162;215.167;433.329;8%;-8%
ACEH;35-39;200.856;200.085;400.941;8%;-8%
ACEH;40-44;182.066;183.034;365.100;7%;-7%
ACEH;45-49;157.730;159.914;317.644;6%;-6%
ACEH;50-54;129.608;132.582;262.190;5%;-5%
ACEH;55-59;103.800;107.805;211.605;4%;-4%
ACEH;60-64;77.427;82.287;159.714;3%;-3%
ACEH;65-69;54.347;60.718;115.065;2%;-2%
ACEH;70-74;30.732;42.109;72.841;1%;-2%
ACEH;75-79;18.068;26.805;44.873;1%;-1%
ACEH;80-84;8.656;14.240;22.896;0%;-1%
ACEH;85-89;2.968;5.625;8.593;0%;0%
ACEH;90-94;633;1.444;2.077;0%;0%
ACEH;95+;78;220;298;0%;0%
SUMATERA UTARA;0-4;706.122;673.920;1.380.042;10%;-9%
SUMATERA UTARA;05-9;694.771;664.256;1.359.027;9%;-9%
SUMATERA UTARA;10-14;686.358;645.632;1.331.990;9%;-9%
SUMATERA UTARA;15-19;675.684;637.066;1.312.750;9%;-9%
SUMATERA UTARA;20-24;674.661;641.871;1.316.532;9%;-9%
SUMATERA UTARA;25-29;642.766;617.177;1.259.943;9%;-8%
SUMATERA UTARA;30-34;598.218;580.753;1.178.971;8%;-8%
SUMATERA UTARA;35-39;550.142;541.966;1.092.108;7%;-7%
SUMATERA UTARA;40-44;502.391;505.043;1.007.434;7%;-7%
SUMATERA UTARA;45-49;442.064;453.127;895.191;6%;-6%
SUMATERA UTARA;50-54;376.352;396.732;773.084;5%;-5%
SUMATERA UTARA;55-59;308.106;332.220;640.326;4%;-5%
SUMATERA UTARA;60-64;237.809;263.570;501.379;3%;-4%
SUMATERA UTARA;65-69;167.173;192.927;360.100;2%;-3%
SUMATERA UTARA;70-74;90.722;115.583;206.305;1%;-2%
SUMATERA UTARA;75-79;41.462;64.700;106.162;1%;-1%
SUMATERA UTARA;80-84;19.281;33.719;53.000;0%;0%
SUMATERA UTARA;85-89;6.450;13.175;19.625;0%;0%
SUMATERA UTARA;90-94;1.350;3.366;4.716;0%;0%
SUMATERA UTARA;95+;164;512;676;0%;0%
SUMATERA BARAT;0-4;233.807;222.894;456.701;8%;-8%
SUMATERA BARAT;05-9;234.570;224.032;458.602;8%;-8%
SUMATERA BARAT;10-14;254.481;237.175;491.656;9%;-9%
SUMATERA BARAT;15-19;254.358;236.828;491.186;9%;-9%
SUMATERA BARAT;20-24;250.012;234.107;484.119;9%;-9%
SUMATERA BARAT;25-29;237.862;224.280;462.142;9%;-8%
SUMATERA BARAT;30-34;220.839;210.018;430.857;8%;-8%
SUMATERA BARAT;35-39;204.625;197.216;401.841;7%;-7%
SUMATERA BARAT;40-44;189.423;185.872;375.295;7%;-7%
SUMATERA BARAT;45-49;169.968;170.138;340.106;6%;-6%
SUMATERA BARAT;50-54;149.537;153.974;303.511;5%;-6%
SUMATERA BARAT;55-59;126.166;133.239;259.405;5%;-5%
SUMATERA BARAT;60-64;102.367;111.779;214.146;4%;-4%
SUMATERA BARAT;65-69;74.956;85.423;160.379;3%;-3%
SUMATERA BARAT;70-74;44.040;54.669;98.709;2%;-2%
SUMATERA BARAT;75-79;23.310;36.282;59.592;1%;-1%
SUMATERA BARAT;80-84;11.233;19.716;30.949;0%;-1%
SUMATERA BARAT;85-89;3.867;8.018;11.885;0%;0%
SUMATERA BARAT;90-94;834;2.118;2.952;0%;0%
SUMATERA BARAT;95+;105;334;439;0%;0%
RIAU;0-4;312.730;297.905;610.635;10%;-10%
RIAU;05-9;308.463;294.281;602.744;9%;-9%
RIAU;10-14;296.832;278.325;575.157;9%;-9%
RIAU;15-19;290.941;274.204;565.145;9%;-9%
RIAU;20-24;288.849;276.838;565.687;9%;-9%
RIAU;25-29;280.294;270.802;551.096;9%;-9%
RIAU;30-34;271.914;265.604;537.518;8%;-9%
RIAU;35-39;255.227;248.276;503.503;8%;-8%
RIAU;40-44;239.047;229.022;468.069;7%;-7%
RIAU;45-49;208.993;197.775;406.768;6%;-6%
RIAU;50-54;171.668;158.768;330.436;5%;-5%
RIAU;55-59;135.613;124.088;259.701;4%;-4%
RIAU;60-64;96.584;87.729;184.313;3%;-3%
RIAU;65-69;64.747;59.023;123.770;2%;-2%
RIAU;70-74;28.760;27.451;56.211;1%;-1%
RIAU;75-79;15.896;15.900;31.796;0%;-1%
RIAU;80-84;7.205;7.777;14.982;0%;0%
RIAU;85-89;2.355;2.867;5.222;0%;0%
RIAU;90-94;483;694;1.177;0%;0%
RIAU;95+;57;100;157;0%;0%
JAMBI;0-4;159.996;153.539;313.535;9%;-9%
JAMBI;05-9;159.525;152.701;312.226;9%;-9%
JAMBI;10-14;156.788;147.685;304.473;9%;-8%
JAMBI;15-19;155.283;147.283;302.566;9%;-8%
JAMBI;20-24;154.805;149.910;304.715;9%;-9%
JAMBI;25-29;151.959;148.278;300.237;8%;-9%
JAMBI;30-34;149.894;147.377;297.271;8%;-8%
JAMBI;35-39;142.450;139.414;281.864;8%;-8%
JAMBI;40-44;135.135;130.356;265.491;7%;-7%
JAMBI;45-49;119.757;114.372;234.129;7%;-7%
JAMBI;50-54;100.334;94.285;194.619;6%;-5%
JAMBI;55-59;81.025;75.568;156.593;4%;-4%
JAMBI;60-64;60.341;55.861;116.202;3%;-3%
JAMBI;65-69;41.931;39.129;81.060;2%;-2%
JAMBI;70-74;21.036;20.921;41.957;1%;-1%
JAMBI;75-79;11.956;12.449;24.405;1%;-1%
JAMBI;80-84;5.538;6.180;11.718;0%;0%
JAMBI;85-89;1.837;2.281;4.118;0%;0%
JAMBI;90-94;380;546;926;0%;0%
JAMBI;95+;45;78;123;0%;0%
SUMATERA SELATAN;0-4;394.987;376.297;771.284;9%;-9%
SUMATERA SELATAN;05-9;397.488;379.407;776.895;9%;-9%
SUMATERA SELATAN;10-14;366.535;344.272;710.807;8%;-8%
SUMATERA SELATAN;15-19;360.908;339.398;700.306;8%;-8%
SUMATERA SELATAN;20-24;365.883;347.203;713.086;8%;-8%
SUMATERA SELATAN;25-29;360.321;343.247;703.568;8%;-8%
SUMATERA SELATAN;30-34;356.618;340.669;697.287;8%;-8%
SUMATERA SELATAN;35-39;336.831;322.655;659.486;8%;-8%
SUMATERA SELATAN;40-44;313.804;301.522;615.326;7%;-7%
SUMATERA SELATAN;45-49;277.298;267.286;544.584;6%;-6%
SUMATERA SELATAN;50-54;232.908;225.670;458.578;5%;-5%
SUMATERA SELATAN;55-59;190.340;184.993;375.333;4%;-4%
SUMATERA SELATAN;60-64;146.851;142.354;289.205;3%;-3%
SUMATERA SELATAN;65-69;104.923;103.323;208.246;2%;-2%
SUMATERA SELATAN;70-74;60.733;63.338;124.071;1%;-2%
SUMATERA SELATAN;75-79;31.934;36.791;68.725;1%;-1%
SUMATERA SELATAN;80-84;15.218;19.170;34.388;0%;0%
SUMATERA SELATAN;85-89;5.229;7.524;12.753;0%;0%
SUMATERA SELATAN;90-94;1.127;1.937;3.064;0%;0%
SUMATERA SELATAN;95+;142;298;440;0%;0%
BENGKULU;0-4;89.812;85.749;175.561;9%;-9%
BENGKULU;05-9;88.862;85.024;173.886;9%;-9%
BENGKULU;10-14;89.014;83.233;172.247;9%;-8%
BENGKULU;15-19;88.837;83.307;172.144;9%;-8%
BENGKULU;20-24;89.560;85.223;174.783;9%;-9%
BENGKULU;25-29;87.657;83.882;171.539;9%;-9%
BENGKULU;30-34;85.517;82.281;167.798;8%;-8%
BENGKULU;35-39;80.609;77.496;158.105;8%;-8%
BENGKULU;40-44;75.401;72.145;147.546;7%;-7%
BENGKULU;45-49;66.834;63.594;130.428;6%;-6%
BENGKULU;50-54;56.645;53.301;109.946;6%;-5%
BENGKULU;55-59;46.149;43.173;89.322;4%;-4%
BENGKULU;60-64;34.992;32.312;67.304;3%;-3%
BENGKULU;65-69;24.542;23.027;47.569;2%;-2%
BENGKULU;70-74;13.560;13.795;27.355;1%;-1%
BENGKULU;75-79;6.823;8.198;15.021;1%;-1%
BENGKULU;80-84;3.098;3.992;7.090;0%;0%
BENGKULU;85-89;1.002;1.428;2.430;0%;0%
BENGKULU;90-94;200;328;528;0%;0%
BENGKULU;95+;23;45;68;0%;0%
LAMPUNG;0-4;397.191;378.694;775.885;9%;-9%
LAMPUNG;05-9;398.479;380.532;779.011;9%;-9%
LAMPUNG;10-14;378.675;356.041;734.716;8%;-8%
LAMPUNG;15-19;376.921;355.348;732.269;8%;-8%
LAMPUNG;20-24;384.773;366.778;751.551;8%;-8%
LAMPUNG;25-29;380.354;364.378;744.732;8%;-8%
LAMPUNG;30-34;375.931;362.015;737.946;8%;-8%
LAMPUNG;35-39;357.928;344.867;702.795;8%;-8%
LAMPUNG;40-44;338.360;325.716;664.076;7%;-7%
LAMPUNG;45-49;303.129;290.418;593.547;7%;-7%
LAMPUNG;50-54;260.430;247.065;507.495;6%;-6%
LAMPUNG;55-59;215.875;202.663;418.538;5%;-5%
LAMPUNG;60-64;168.410;154.104;322.514;4%;-4%
LAMPUNG;65-69;123.169;112.414;235.583;3%;-3%
LAMPUNG;70-74;77.452;70.543;147.995;2%;-2%
LAMPUNG;75-79;46.599;44.170;90.769;1%;-1%
LAMPUNG;80-84;22.953;23.297;46.250;0%;-1%
LAMPUNG;85-89;8.137;9.233;17.370;0%;0%
LAMPUNG;90-94;1.805;2.396;4.201;0%;0%
LAMPUNG;95+;234;371;605;0%;0%
BANGKA-BELITUNG;0-4;61.368;58.424;119.792;8%;-8%
BANGKA-BELITUNG;05-9;60.122;57.330;117.452;8%;-8%
BANGKA-BELITUNG;10-14;64.871;60.929;125.800;9%;-9%
BANGKA-BELITUNG;15-19;65.256;61.321;126.577;9%;-9%
BANGKA-BELITUNG;20-24;64.276;60.998;125.274;9%;-9%
BANGKA-BELITUNG;25-29;63.843;60.363;124.206;9%;-9%
BANGKA-BELITUNG;30-34;64.832;60.725;125.557;9%;-9%
BANGKA-BELITUNG;35-39;61.695;57.276;118.971;8%;-8%
BANGKA-BELITUNG;40-44;57.838;52.835;110.673;8%;-7%
BANGKA-BELITUNG;45-49;50.667;46.167;96.834;7%;-7%
BANGKA-BELITUNG;50-54;41.313;37.816;79.129;6%;-5%
BANGKA-BELITUNG;55-59;33.182;30.687;63.869;4%;-4%
BANGKA-BELITUNG;60-64;25.094;23.807;48.901;3%;-3%
BANGKA-BELITUNG;65-69;17.629;17.178;34.807;2%;-2%
BANGKA-BELITUNG;70-74;10.106;10.437;20.543;1%;-1%
BANGKA-BELITUNG;75-79;4.516;5.559;10.075;1%;-1%
BANGKA-BELITUNG;80-84;2.088;2.858;4.946;0%;0%
BANGKA-BELITUNG;85-89;691;1.102;1.793;0%;0%
BANGKA-BELITUNG;90-94;143;276;419;0%;0%
BANGKA-BELITUNG;95+;18;42;60;0%;0%
RIAU;0-4;97.600;92.888;190.488;9%;-9%
RIAU;05-9;97.709;93.094;190.803;9%;-9%
RIAU;10-14;89.348;84.260;173.608;8%;-8%
RIAU;15-19;88.201;84.284;172.485;8%;-8%
RIAU;20-24;89.544;87.978;177.522;9%;-9%
RIAU;25-29;90.003;89.436;179.439;9%;-9%
RIAU;30-34;92.696;93.362;186.058;9%;-9%
RIAU;35-39;88.624;88.370;176.994;8%;-9%
RIAU;40-44;83.864;81.291;165.155;8%;-8%
RIAU;45-49;72.147;68.327;140.474;7%;-7%
RIAU;50-54;55.987;50.465;106.452;5%;-5%
RIAU;55-59;42.371;37.433;79.804;4%;-4%
RIAU;60-64;27.719;24.553;52.272;3%;-2%
RIAU;65-69;17.762;16.005;33.767;2%;-2%
RIAU;70-74;10.618;9.924;20.542;1%;-1%
RIAU;75-79;5.651;5.618;11.269;1%;-1%
RIAU;80-84;2.482;2.710;5.192;0%;0%
RIAU;85-89;791;994;1.785;0%;0%
RIAU;90-94;161;241;402;0%;0%
RIAU;95+;18;35;53;0%;0%
JAKARTA;0-4;412.002;392.067;804.069;8%;-8%
JAKARTA;05-9;417.328;397.375;814.703;8%;-8%
JAKARTA;10-14;424.640;401.879;826.519;8%;-8%
JAKARTA;15-19;430.311;410.033;840.344;8%;-8%
JAKARTA;20-24;435.561;420.804;856.365;8%;-8%
JAKARTA;25-29;440.611;428.806;869.417;8%;-8%
JAKARTA;30-34;453.235;444.229;897.464;8%;-8%
JAKARTA;35-39;442.637;434.544;877.181;8%;-8%
JAKARTA;40-44;432.813;423.802;856.615;8%;-8%
JAKARTA;45-49;389.621;382.282;771.903;7%;-7%
JAKARTA;50-54;331.664;326.412;658.076;6%;-6%
JAKARTA;55-59;268.341;266.911;535.252;5%;-5%
JAKARTA;60-64;195.933;200.263;396.196;4%;-4%
JAKARTA;65-69;135.347;142.433;277.780;3%;-3%
JAKARTA;70-74;62.979;72.738;135.717;1%;-1%
JAKARTA;75-79;36.459;45.320;81.779;1%;-1%
JAKARTA;80-84;17.547;24.254;41.801;0%;0%
JAKARTA;85-89;6.183;9.973;16.156;0%;0%
JAKARTA;90-94;1.387;2.729;4.116;0%;0%
JAKARTA;95+;182;453;635;0%;0%
JAWA BARAT;0-4;2.004.029;1.910.514;3.914.543;8%;-8%
JAWA BARAT;05-9;1.971.043;1.882.904;3.853.947;8%;-8%
JAWA BARAT;10-14;2.081.654;1.954.415;4.036.069;8%;-8%
JAWA BARAT;15-19;2.099.794;1.975.844;4.075.638;9%;-8%
JAWA BARAT;20-24;2.114.652;2.005.005;4.119.657;9%;-8%
JAWA BARAT;25-29;2.072.445;1.985.416;4.057.861;8%;-8%
JAWA BARAT;30-34;2.017.305;1.962.811;3.980.116;8%;-8%
JAWA BARAT;35-39;1.913.734;1.880.004;3.793.738;8%;-8%
JAWA BARAT;40-44;1.810.993;1.800.551;3.611.544;7%;-8%
JAWA BARAT;45-49;1.626.660;1.619.243;3.245.903;7%;-7%
JAWA BARAT;50-54;1.411.753;1.395.453;2.807.206;6%;-6%
JAWA BARAT;55-59;1.166.608;1.148.008;2.314.616;5%;-5%
JAWA BARAT;60-64;895.701;869.440;1.765.141;4%;-4%
JAWA BARAT;65-69;641.447;627.519;1.268.966;3%;-3%
JAWA BARAT;70-74;373.852;382.733;756.585;2%;-2%
JAWA BARAT;75-79;182.884;205.906;388.790;1%;-1%
JAWA BARAT;80-84;87.149;106.211;193.360;0%;0%
JAWA BARAT;85-89;29.930;41.220;71.150;0%;0%
JAWA BARAT;90-94;6.444;10.487;16.931;0%;0%
JAWA BARAT;95+;808;1.593;2.401;0%;0%
JAWA TENGAH;0-4;1.379.446;1.314.514;2.693.960;8%;-7%
JAWA TENGAH;05-9;1.387.015;1.323.095;2.710.110;8%;-7%
JAWA TENGAH;10-14;1.436.103;1.350.605;2.786.708;8%;-7%
JAWA TENGAH;15-19;1.458.230;1.373.465;2.831.695;8%;-8%
JAWA TENGAH;20-24;1.486.859;1.407.219;2.894.078;8%;-8%
JAWA TENGAH;25-29;1.476.305;1.410.790;2.887.095;8%;-8%
JAWA TENGAH;30-34;1.458.026;1.409.788;2.867.814;8%;-8%
JAWA TENGAH;35-39;1.407.405;1.382.688;2.790.093;8%;-8%
JAWA TENGAH;40-44;1.355.960;1.363.713;2.719.673;7%;-8%
JAWA TENGAH;45-49;1.254.616;1.278.932;2.533.548;7%;-7%
JAWA TENGAH;50-54;1.144.787;1.184.283;2.329.070;6%;-7%
JAWA TENGAH;55-59;985.148;1.024.609;2.009.757;5%;-6%
JAWA TENGAH;60-64;808.672;835.196;1.643.868;4%;-5%
JAWA TENGAH;65-69;603.748;632.535;1.236.283;3%;-3%
JAWA TENGAH;70-74;371.945;409.048;780.993;2%;-2%
JAWA TENGAH;75-79;199.872;243.073;442.945;1%;-1%
JAWA TENGAH;80-84;101.166;134.930;236.096;1%;-1%
JAWA TENGAH;85-89;37.100;56.908;94.008;0%;0%
JAWA TENGAH;90-94;8.578;15.840;24.418;0%;0%
JAWA TENGAH;95+;1.162;2.661;3.823;0%;0%
YOGYAKARTA;0-4;123.915;118.349;242.264;7%;-6%
YOGYAKARTA;05-9;127.640;121.970;249.610;7%;-7%
YOGYAKARTA;10-14;131.855;125.028;256.883;7%;-7%
YOGYAKARTA;15-19;134.284;128.154;262.438;7%;-7%
YOGYAKARTA;20-24;136.850;132.104;268.954;8%;-7%
YOGYAKARTA;25-29;136.575;133.413;269.988;8%;-7%
YOGYAKARTA;30-34;134.888;133.512;268.400;7%;-7%
YOGYAKARTA;35-39;133.246;133.719;266.965;7%;-7%
YOGYAKARTA;40-44;133.476;135.968;269.444;7%;-7%
YOGYAKARTA;45-49;127.458;131.655;259.113;7%;-7%
YOGYAKARTA;50-54;121.244;127.382;248.626;7%;-7%
YOGYAKARTA;55-59;107.171;114.172;221.343;6%;-6%
YOGYAKARTA;60-64;90.404;97.550;187.954;5%;-5%
YOGYAKARTA;65-69;69.837;77.791;147.628;4%;-4%
YOGYAKARTA;70-74;50.412;59.096;109.508;3%;-3%
YOGYAKARTA;75-79;32.533;41.153;73.686;2%;-2%
YOGYAKARTA;80-84;17.406;24.548;41.954;1%;-1%
YOGYAKARTA;85-89;6.800;11.206;18.006;0%;-1%
YOGYAKARTA;90-94;1.685;3.394;5.079;0%;0%
YOGYAKARTA;95+;248;628;876;0%;0%
JAWA TIMUR;0-4;1.438.430;1.373.518;2.811.948;7%;-7%
JAWA TIMUR;05-9;1.499.156;1.434.146;2.933.302;7%;-7%
JAWA TIMUR;10-14;1.521.143;1.434.785;2.955.928;7%;-7%
JAWA TIMUR;15-19;1.551.061;1.469.867;3.020.928;8%;-7%
JAWA TIMUR;20-24;1.591.142;1.521.923;3.113.065;8%;-7%
JAWA TIMUR;25-29;1.593.267;1.544.739;3.138.006;8%;-8%
JAWA TIMUR;30-34;1.585.498;1.564.312;3.149.810;8%;-8%
JAWA TIMUR;35-39;1.555.558;1.558.255;3.113.813;8%;-8%
JAWA TIMUR;40-44;1.539.507;1.571.149;3.110.656;8%;-8%
JAWA TIMUR;45-49;1.443.591;1.487.121;2.930.712;7%;-7%
JAWA TIMUR;50-54;1.334.131;1.384.373;2.718.504;7%;-7%
JAWA TIMUR;55-59;1.152.450;1.201.876;2.354.326;6%;-6%
JAWA TIMUR;60-64;941.460;979.252;1.920.712;5%;-5%
JAWA TIMUR;65-69;703.297;748.026;1.451.323;3%;-4%
JAWA TIMUR;70-74;435.641;495.830;931.471;2%;-2%
JAWA TIMUR;75-79;234.671;325.649;560.320;1%;-2%
JAWA TIMUR;80-84;117.858;180.126;297.984;1%;-1%
JAWA TIMUR;85-89;42.717;75.168;117.885;0%;0%
JAWA TIMUR;90-94;9.722;20.598;30.320;0%;0%
JAWA TIMUR;95+;1.292;3.391;4.683;0%;0%
BANTEN;0-4;534.643;509.014;1.043.657;9%;-9%
BANTEN;05-9;535.170;510.429;1.045.599;9%;-9%
BANTEN;10-14;517.080;485.428;1.002.508;9%;-8%
BANTEN;15-19;519.916;489.235;1.009.151;9%;-8%
BANTEN;20-24;538.182;510.711;1.048.893;9%;-9%
BANTEN;25-29;532.244;509.196;1.041.440;9%;-9%
BANTEN;30-34;524.957;508.073;1.033.030;9%;-9%
BANTEN;35-39;493.128;480.135;973.263;8%;-8%
BANTEN;40-44;455.088;446.577;901.665;7%;-8%
BANTEN;45-49;398.201;389.864;788.065;7%;-7%
BANTEN;50-54;330.881;319.612;650.493;5%;-5%
BANTEN;55-59;263.483;252.441;515.924;4%;-4%
BANTEN;60-64;190.527;179.087;369.614;3%;-3%
BANTEN;65-69;128.917;122.137;251.054;2%;-2%
BANTEN;70-74;56.034;60.347;116.381;1%;-1%
BANTEN;75-79;31.389;35.574;66.963;1%;-1%
BANTEN;80-84;14.468;17.779;32.247;0%;0%
BANTEN;85-89;4.826;6.726;11.552;0%;0%
BANTEN;90-94;1.014;1.676;2.690;0%;0%
BANTEN;95+;123;250;373;0%;0%
BALI;0-4;152.328;145.161;297.489;7%;-7%
BALI;05-9;154.047;146.966;301.013;7%;-7%
BALI;10-14;169.386;158.291;327.677;8%;-7%
BALI;15-19;172.435;161.942;334.377;8%;-8%
BALI;20-24;172.259;163.861;336.120;8%;-8%
BALI;25-29;170.136;164.227;334.363;8%;-8%
BALI;30-34;165.910;163.553;329.463;8%;-8%
BALI;35-39;163.466;162.813;326.279;8%;-8%
BALI;40-44;165.686;166.268;331.954;8%;-8%
BALI;45-49;155.547;156.519;312.066;7%;-7%
BALI;50-54;142.750;143.233;285.983;7%;-7%
BALI;55-59;121.724;122.849;244.573;6%;-6%
BALI;60-64;95.146;97.201;192.347;4%;-5%
BALI;65-69;71.556;74.928;146.484;3%;-3%
BALI;70-74;47.024;52.585;99.609;2%;-2%
BALI;75-79;29.540;35.028;64.568;1%;-2%
BALI;80-84;15.127;19.735;34.862;1%;-1%
BALI;85-89;5.569;8.402;13.971;0%;0%
BALI;90-94;1.293;2.343;3.636;0%;0%
BALI;95+;176;394;570;0%;0%
NUSA TENGGARA BARAT;0-4;258.409;247.737;506.146;10%;-9%
NUSA TENGGARA BARAT;05-9;262.995;252.893;515.888;10%;-9%
NUSA TENGGARA BARAT;10-14;231.406;218.544;449.950;9%;-8%
NUSA TENGGARA BARAT;15-19;224.519;214.672;439.191;8%;-8%
NUSA TENGGARA BARAT;20-24;226.208;222.193;448.401;9%;-8%
NUSA TENGGARA BARAT;25-29;221.135;221.505;442.640;8%;-8%
NUSA TENGGARA BARAT;30-34;217.270;222.941;440.211;8%;-8%
NUSA TENGGARA BARAT;35-39;203.929;211.397;415.326;8%;-8%
NUSA TENGGARA BARAT;40-44;189.030;196.999;386.029;7%;-7%
NUSA TENGGARA BARAT;45-49;165.211;172.766;337.977;6%;-6%
NUSA TENGGARA BARAT;50-54;135.685;142.074;277.759;5%;-5%
NUSA TENGGARA BARAT;55-59;109.127;114.588;223.715;4%;-4%
NUSA TENGGARA BARAT;60-64;81.479;85.953;167.432;3%;-3%
NUSA TENGGARA BARAT;65-69;58.698;62.357;121.055;2%;-2%
NUSA TENGGARA BARAT;70-74;36.213;37.996;74.209;1%;-1%
NUSA TENGGARA BARAT;75-79;21.029;22.883;43.912;1%;-1%
NUSA TENGGARA BARAT;80-84;9.855;11.288;21.143;0%;0%
NUSA TENGGARA BARAT;85-89;3.269;4.049;7.318;0%;0%
NUSA TENGGARA BARAT;90-94;663;925;1.588;0%;0%
NUSA TENGGARA BARAT;95+;78;124;202;0%;0%
NUSA TENGGARA TIMUR;0-4;283.182;272.184;555.366;11%;-10%
NUSA TENGGARA TIMUR;05-9;271.311;261.420;532.731;10%;-10%
NUSA TENGGARA TIMUR;10-14;253.828;239.494;493.322;10%;-9%
NUSA TENGGARA TIMUR;15-19;245.113;232.947;478.060;9%;-9%
NUSA TENGGARA TIMUR;20-24;246.272;238.432;484.704;9%;-9%
NUSA TENGGARA TIMUR;25-29;228.158;225.321;453.479;9%;-8%
NUSA TENGGARA TIMUR;30-34;199.592;203.716;403.308;7%;-8%
NUSA TENGGARA TIMUR;35-39;178.407;185.721;364.128;7%;-7%
NUSA TENGGARA TIMUR;40-44;159.083;169.030;328.113;6%;-6%
NUSA TENGGARA TIMUR;45-49;140.027;149.584;289.611;5%;-6%
NUSA TENGGARA TIMUR;50-54;121.783;129.269;251.052;5%;-5%
NUSA TENGGARA TIMUR;55-59;102.438;108.086;210.524;4%;-4%
NUSA TENGGARA TIMUR;60-64;82.859;85.978;168.837;3%;-3%
NUSA TENGGARA TIMUR;65-69;62.746;64.904;127.650;2%;-2%
NUSA TENGGARA TIMUR;70-74;43.725;45.717;89.442;2%;-2%
NUSA TENGGARA TIMUR;75-79;26.612;28.560;55.172;1%;-1%
NUSA TENGGARA TIMUR;80-84;13.047;14.585;27.632;0%;-1%
NUSA TENGGARA TIMUR;85-89;4.517;5.401;9.918;0%;0%
NUSA TENGGARA TIMUR;90-94;955;1.271;2.226;0%;0%
NUSA TENGGARA TIMUR;95+;116;175;291;0%;0%
KALIMANTAN BARAT;0-4;241.623;230.402;472.025;9%;-9%
KALIMANTAN BARAT;05-9;237.547;226.995;464.542;9%;-9%
KALIMANTAN BARAT;10-14;244.281;229.670;473.951;9%;-9%
KALIMANTAN BARAT;15-19;245.279;230.249;475.528;9%;-9%
KALIMANTAN BARAT;20-24;247.867;233.787;481.654;9%;-9%
KALIMANTAN BARAT;25-29;242.491;228.342;470.833;9%;-9%
KALIMANTAN BARAT;30-34;236.489;221.744;458.233;8%;-8%
KALIMANTAN BARAT;35-39;221.222;206.612;427.834;8%;-8%
KALIMANTAN BARAT;40-44;204.102;189.210;393.312;7%;-7%
KALIMANTAN BARAT;45-49;178.343;165.245;343.588;6%;-6%
KALIMANTAN BARAT;50-54;147.153;136.737;283.890;5%;-5%
KALIMANTAN BARAT;55-59;118.388;110.876;229.264;4%;-4%
KALIMANTAN BARAT;60-64;88.595;84.525;173.120;3%;-3%
KALIMANTAN BARAT;65-69;62.816;61.342;124.158;2%;-2%
KALIMANTAN BARAT;70-74;34.408;35.493;69.901;1%;-1%
KALIMANTAN BARAT;75-79;20.004;21.971;41.975;1%;-1%
KALIMANTAN BARAT;80-84;9.497;11.391;20.888;0%;0%
KALIMANTAN BARAT;85-89;3.235;4.408;7.643;0%;0%
KALIMANTAN BARAT;90-94;688;1.112;1.800;0%;0%
KALIMANTAN BARAT;95+;85;166;251;0%;0%
KALIMANTAN TENGAH;0-4;112.763;107.599;220.362;8%;-8%
KALIMANTAN TENGAH;05-9;113.256;108.236;221.492;8%;-8%
KALIMANTAN TENGAH;10-14;121.226;113.443;234.669;9%;-9%
KALIMANTAN TENGAH;15-19;123.000;114.939;237.939;9%;-9%
KALIMANTAN TENGAH;20-24;123.895;116.591;240.486;9%;-9%
KALIMANTAN TENGAH;25-29;121.881;114.506;236.387;9%;-9%
KALIMANTAN TENGAH;30-34;119.859;112.349;232.208;9%;-9%
KALIMANTAN TENGAH;35-39;113.064;104.874;217.938;8%;-8%
KALIMANTAN TENGAH;40-44;106.050;96.343;202.393;8%;-8%
KALIMANTAN TENGAH;45-49;92.546;82.965;175.511;7%;-6%
KALIMANTAN TENGAH;50-54;75.421;66.243;141.664;5%;-5%
KALIMANTAN TENGAH;55-59;59.323;51.770;111.093;4%;-4%
KALIMANTAN TENGAH;60-64;41.924;36.702;78.626;3%;-3%
KALIMANTAN TENGAH;65-69;28.167;25.129;53.296;2%;-2%
KALIMANTAN TENGAH;70-74;17.562;16.255;33.817;1%;-1%
KALIMANTAN TENGAH;75-79;9.681;9.501;19.182;1%;-1%
KALIMANTAN TENGAH;80-84;4.358;4.654;9.012;0%;0%
KALIMANTAN TENGAH;85-89;1.411;1.701;3.112;0%;0%
KALIMANTAN TENGAH;90-94;285;407;692;0%;0%
KALIMANTAN TENGAH;95+;33;57;90;0%;0%
KALIMANTAN SELATAN;0-4;188.557;180.247;368.804;9%;-9%
KALIMANTAN SELATAN;05-9;198.799;190.550;389.349;10%;-9%
KALIMANTAN SELATAN;10-14;174.728;163.785;338.513;8%;-8%
KALIMANTAN SELATAN;15-19;170.989;160.686;331.675;8%;-8%
KALIMANTAN SELATAN;20-24;173.440;164.980;338.420;8%;-8%
KALIMANTAN SELATAN;25-29;170.662;164.063;334.725;8%;-8%
KALIMANTAN SELATAN;30-34;167.929;163.853;331.782;8%;-8%
KALIMANTAN SELATAN;35-39;160.327;157.409;317.736;8%;-8%
KALIMANTAN SELATAN;40-44;153.553;151.314;304.867;7%;-8%
KALIMANTAN SELATAN;45-49;137.029;135.178;272.207;7%;-7%
KALIMANTAN SELATAN;50-54;116.401;114.393;230.794;6%;-6%
KALIMANTAN SELATAN;55-59;93.884;92.670;186.554;5%;-5%
KALIMANTAN SELATAN;60-64;68.502;68.161;136.663;3%;-3%
KALIMANTAN SELATAN;65-69;46.844;48.284;95.128;2%;-2%
KALIMANTAN SELATAN;70-74;21.312;27.288;48.600;1%;-1%
KALIMANTAN SELATAN;75-79;11.889;16.357;28.246;1%;-1%
KALIMANTAN SELATAN;80-84;5.395;8.153;13.548;0%;0%
KALIMANTAN SELATAN;85-89;1.750;3.009;4.759;0%;0%
KALIMANTAN SELATAN;90-94;352;720;1.072;0%;0%
KALIMANTAN SELATAN;95+;41;101;142;0%;0%
KALIMANTAN TIMUR;0-4;161.118;153.666;314.784;8%;-9%
KALIMANTAN TIMUR;05-9;160.936;153.701;314.637;8%;-9%
KALIMANTAN TIMUR;10-14;171.344;158.824;330.168;9%;-9%
KALIMANTAN TIMUR;15-19;172.970;159.284;332.254;9%;-9%
KALIMANTAN TIMUR;20-24;172.805;158.922;331.727;9%;-9%
KALIMANTAN TIMUR;25-29;170.143;156.594;326.737;9%;-9%
KALIMANTAN TIMUR;30-34;168.395;155.799;324.194;9%;-9%
KALIMANTAN TIMUR;35-39;159.272;147.050;306.322;8%;-8%
KALIMANTAN TIMUR;40-44;149.449;137.287;286.736;8%;-8%
KALIMANTAN TIMUR;45-49;131.119;119.419;250.538;7%;-7%
KALIMANTAN TIMUR;50-54;108.347;96.850;205.197;6%;-5%
KALIMANTAN TIMUR;55-59;85.787;75.728;161.515;4%;-4%
KALIMANTAN TIMUR;60-64;61.171;52.827;113.998;3%;-3%
KALIMANTAN TIMUR;65-69;40.830;35.088;75.918;2%;-2%
KALIMANTAN TIMUR;70-74;25.321;22.053;47.374;1%;-1%
KALIMANTAN TIMUR;75-79;13.902;12.559;26.461;1%;-1%
KALIMANTAN TIMUR;80-84;6.246;6.012;12.258;0%;0%
KALIMANTAN TIMUR;85-89;2.022;2.162;4.184;0%;0%
KALIMANTAN TIMUR;90-94;409;509;918;0%;0%
KALIMANTAN TIMUR;95+;48;71;119;0%;0%
KALIMANTAN UTARA;0-4;30.030;28.612;58.642;8%;-9%
KALIMANTAN UTARA;05-9;29.196;27.869;57.065;8%;-8%
KALIMANTAN UTARA;10-14;33.533;30.967;64.500;9%;-9%
KALIMANTAN UTARA;15-19;34.145;31.167;65.312;9%;-9%
KALIMANTAN UTARA;20-24;33.955;30.729;64.684;9%;-9%
KALIMANTAN UTARA;25-29;33.182;29.781;62.963;9%;-9%
KALIMANTAN UTARA;30-34;32.439;28.906;61.345;9%;-9%
KALIMANTAN UTARA;35-39;30.334;26.735;57.069;8%;-8%
KALIMANTAN UTARA;40-44;28.053;24.308;52.361;8%;-7%
KALIMANTAN UTARA;45-49;24.281;20.745;45.026;7%;-6%
KALIMANTAN UTARA;50-54;19.603;16.342;35.945;5%;-5%
KALIMANTAN UTARA;55-59;15.326;12.629;27.955;4%;-4%
KALIMANTAN UTARA;60-64;10.746;8.780;19.526;3%;-3%
KALIMANTAN UTARA;65-69;7.230;5.958;13.188;2%;-2%
KALIMANTAN UTARA;70-74;4.520;3.823;8.343;1%;-1%
KALIMANTAN UTARA;75-79;2.502;2.221;4.723;1%;-1%
KALIMANTAN UTARA;80-84;1.127;1.082;2.209;0%;0%
KALIMANTAN UTARA;85-89;365;400;765;0%;0%
KALIMANTAN UTARA;90-94;74;96;170;0%;0%
KALIMANTAN UTARA;95+;9;14;23;0%;0%
SULAWESI UTARA;0-4;101.716;97.281;198.997;8%;-8%
SULAWESI UTARA;05-9;105.308;100.881;206.189;8%;-8%
SULAWESI UTARA;10-14;105.207;97.993;203.200;8%;-8%
SULAWESI UTARA;15-19;106.734;98.940;205.674;8%;-8%
SULAWESI UTARA;20-24;110.259;102.459;212.718;8%;-8%
SULAWESI UTARA;25-29;108.400;100.773;209.173;8%;-8%
SULAWESI UTARA;30-34;103.865;96.469;200.334;8%;-8%
SULAWESI UTARA;35-39;100.283;93.504;193.787;7%;-7%
SULAWESI UTARA;40-44;98.479;92.391;190.870;7%;-7%
SULAWESI UTARA;45-49;91.441;86.433;177.874;7%;-7%
SULAWESI UTARA;50-54;83.573;79.765;163.338;6%;-6%
SULAWESI UTARA;55-59;71.231;68.876;140.107;5%;-5%
SULAWESI UTARA;60-64;56.736;55.999;112.735;4%;-4%
SULAWESI UTARA;65-69;41.576;42.405;83.981;3%;-3%
SULAWESI UTARA;70-74;28.246;30.297;58.543;2%;-2%
SULAWESI UTARA;75-79;16.945;19.526;36.471;1%;-2%
SULAWESI UTARA;80-84;8.295;10.519;18.814;1%;-1%
SULAWESI UTARA;85-89;2.908;4.220;7.128;0%;0%
SULAWESI UTARA;90-94;635;1.102;1.737;0%;0%
SULAWESI UTARA;95+;81;172;253;0%;0%
SULAWESI TENGAH;0-4;140.972;135.074;276.046;9%;-9%
SULAWESI TENGAH;05-9;137.442;132.066;269.508;9%;-9%
SULAWESI TENGAH;10-14;136.156;127.218;263.374;9%;-9%
SULAWESI TENGAH;15-19;135.177;125.780;260.957;9%;-9%
SULAWESI TENGAH;20-24;137.025;127.818;264.843;9%;-9%
SULAWESI TENGAH;25-29;131.975;123.630;255.605;9%;-9%
SULAWESI TENGAH;30-34;124.172;117.349;241.521;8%;-8%
SULAWESI TENGAH;35-39;115.700;109.747;225.447;8%;-8%
SULAWESI TENGAH;40-44;108.007;102.803;210.810;7%;-7%
SULAWESI TENGAH;45-49;95.609;90.870;186.479;6%;-6%
SULAWESI TENGAH;50-54;81.230;76.598;157.828;5%;-5%
SULAWESI TENGAH;55-59;66.139;62.199;128.338;4%;-4%
SULAWESI TENGAH;60-64;49.580;46.471;96.051;3%;-3%
SULAWESI TENGAH;65-69;35.374;33.371;68.745;2%;-2%
SULAWESI TENGAH;70-74;21.107;20.583;41.690;1%;-1%
SULAWESI TENGAH;75-79;11.644;11.501;23.145;1%;-1%
SULAWESI TENGAH;80-84;5.310;5.532;10.842;0%;0%
SULAWESI TENGAH;85-89;1.711;1.933;3.644;0%;0%
SULAWESI TENGAH;90-94;337;429;766;0%;0%
SULAWESI TENGAH;95+;39;56;95;0%;0%
SULAWESI SELATAN;0-4;372.898;355.813;728.711;8%;-8%
SULAWESI SELATAN;05-9;362.004;346.208;708.212;8%;-8%
SULAWESI SELATAN;10-14;418.586;394.292;812.878;9%;-9%
SULAWESI SELATAN;15-19;419.846;398.722;818.568;9%;-9%
SULAWESI SELATAN;20-24;407.624;394.183;801.807;9%;-9%
SULAWESI SELATAN;25-29;386.598;379.926;766.524;9%;-8%
SULAWESI SELATAN;30-34;357.764;358.933;716.697;8%;-8%
SULAWESI SELATAN;35-39;332.416;339.086;671.502;7%;-7%
SULAWESI SELATAN;40-44;311.791;323.596;635.387;7%;-7%
SULAWESI SELATAN;45-49;278.330;293.386;571.716;6%;-6%
SULAWESI SELATAN;50-54;240.534;258.461;498.995;5%;-6%
SULAWESI SELATAN;55-59;198.862;217.777;416.639;4%;-5%
SULAWESI SELATAN;60-64;152.399;171.390;323.789;3%;-4%
SULAWESI SELATAN;65-69;112.335;131.128;243.463;2%;-3%
SULAWESI SELATAN;70-74;74.612;92.775;167.387;2%;-2%
SULAWESI SELATAN;75-79;45.426;61.212;106.638;1%;-1%
SULAWESI SELATAN;80-84;22.566;33.776;56.342;1%;-1%
SULAWESI SELATAN;85-89;8.036;13.892;21.928;0%;0%
SULAWESI SELATAN;90-94;1.784;3.718;5.502;0%;0%
SULAWESI SELATAN;95+;230;594;824;0%;0%
SULAWESI TENGGARA;0-4;128.577;125.003;253.580;10%;-10%
SULAWESI TENGGARA;05-9;125.642;122.428;248.070;9%;-9%
SULAWESI TENGGARA;10-14;128.512;120.824;249.336;10%;-9%
SULAWESI TENGGARA;15-19;125.997;118.662;244.659;9%;-9%
SULAWESI TENGGARA;20-24;123.092;118.053;241.145;9%;-9%
SULAWESI TENGGARA;25-29;116.191;112.440;228.631;9%;-9%
SULAWESI TENGGARA;30-34;107.440;105.072;212.512;8%;-8%
SULAWESI TENGGARA;35-39;98.051;96.260;194.311;7%;-7%
SULAWESI TENGGARA;40-44;88.971;87.369;176.340;7%;-7%
SULAWESI TENGGARA;45-49;77.081;75.679;152.760;6%;-6%
SULAWESI TENGGARA;50-54;63.523;62.128;125.651;5%;-5%
SULAWESI TENGGARA;55-59;50.907;49.918;100.825;4%;-4%
SULAWESI TENGGARA;60-64;37.729;37.246;74.975;3%;-3%
SULAWESI TENGGARA;65-69;26.823;27.047;53.870;2%;-2%
SULAWESI TENGGARA;70-74;16.880;17.914;34.794;1%;-1%
SULAWESI TENGGARA;75-79;9.341;10.629;19.970;1%;-1%
SULAWESI TENGGARA;80-84;4.197;5.220;9.417;0%;0%
SULAWESI TENGGARA;85-89;1.344;1.888;3.232;0%;0%
SULAWESI TENGGARA;90-94;266;440;706;0%;0%
SULAWESI TENGGARA;95+;30;61;91;0%;0%
GORONTALO;0-4;49.090;47.217;96.307;8%;-8%
GORONTALO;05-9;47.402;45.755;93.157;8%;-8%
GORONTALO;10-14;53.916;51.281;105.197;9%;-9%
GORONTALO;15-19;54.595;51.985;106.580;9%;-9%
GORONTALO;20-24;54.526;52.236;106.762;9%;-9%
GORONTALO;25-29;52.064;50.108;102.172;9%;-9%
GORONTALO;30-34;48.081;46.522;94.603;8%;-8%
GORONTALO;35-39;44.701;43.520;88.221;8%;-7%
GORONTALO;40-44;42.004;41.191;83.195;7%;-7%
GORONTALO;45-49;37.407;36.996;74.403;6%;-6%
GORONTALO;50-54;32.285;32.298;64.583;5%;-6%
GORONTALO;55-59;26.236;26.653;52.889;4%;-5%
GORONTALO;60-64;19.287;20.139;39.426;3%;-3%
GORONTALO;65-69;13.399;14.564;27.963;2%;-3%
GORONTALO;70-74;8.570;9.826;18.396;1%;-2%
GORONTALO;75-79;4.790;5.883;10.673;1%;-1%
GORONTALO;80-84;2.160;2.876;5.036;0%;0%
GORONTALO;85-89;687;1.020;1.707;0%;0%
GORONTALO;90-94;134;232;366;0%;0%
GORONTALO;95+;15;30;45;0%;0%
SULAWESI BARAT;0-4;70.133;68.261;138.394;10%;-10%
SULAWESI BARAT;05-9;67.739;66.123;133.862;9%;-9%
SULAWESI BARAT;10-14;71.331;66.546;137.877;10%;-10%
SULAWESI BARAT;15-19;69.855;65.138;134.993;10%;-9%
SULAWESI BARAT;20-24;67.596;64.131;131.727;9%;-9%
SULAWESI BARAT;25-29;63.083;60.447;123.530;9%;-9%
SULAWESI BARAT;30-34;57.050;55.410;112.460;8%;-8%
SULAWESI BARAT;35-39;51.817;50.629;102.446;7%;-7%
SULAWESI BARAT;40-44;47.321;46.321;93.642;7%;-7%
SULAWESI BARAT;45-49;41.056;40.311;81.367;6%;-6%
SULAWESI BARAT;50-54;33.914;33.371;67.285;5%;-5%
SULAWESI BARAT;55-59;27.122;26.915;54.037;4%;-4%
SULAWESI BARAT;60-64;19.781;20.009;39.790;3%;-3%
SULAWESI BARAT;65-69;14.170;14.721;28.891;2%;-2%
SULAWESI BARAT;70-74;9.342;10.106;19.448;1%;-1%
SULAWESI BARAT;75-79;5.380;6.151;11.531;1%;-1%
SULAWESI BARAT;80-84;2.499;3.063;5.562;0%;0%
SULAWESI BARAT;85-89;817;1.103;1.920;0%;0%
SULAWESI BARAT;90-94;163;253;416;0%;0%
SULAWESI BARAT;95+;18;33;51;0%;0%
MALUKU;0-4;81.279;77.805;159.084;9%;-9%
MALUKU;05-9;77.965;74.848;152.813;8%;-8%
MALUKU;10-14;92.900;86.166;179.066;10%;-9%
MALUKU;15-19;93.652;87.085;180.737;10%;-10%
MALUKU;20-24;91.826;86.584;178.410;10%;-9%
MALUKU;25-29;85.599;81.907;167.506;9%;-9%
MALUKU;30-34;76.361;74.884;151.245;8%;-8%
MALUKU;35-39;68.270;67.934;136.204;7%;-7%
MALUKU;40-44;60.311;60.901;121.212;6%;-7%
MALUKU;45-49;52.162;53.060;105.222;6%;-6%
MALUKU;50-54;43.776;44.649;88.425;5%;-5%
MALUKU;55-59;35.893;36.693;72.586;4%;-4%
MALUKU;60-64;28.133;28.751;56.884;3%;-3%
MALUKU;65-69;20.648;21.171;41.819;2%;-2%
MALUKU;70-74;13.961;14.569;28.530;1%;-2%
MALUKU;75-79;8.258;8.906;17.164;1%;-1%
MALUKU;80-84;3.898;4.466;8.364;0%;0%
MALUKU;85-89;1.290;1.634;2.924;0%;0%
MALUKU;90-94;264;380;644;0%;0%
MALUKU;95+;32;52;84;0%;0%
MALUKU UTARA;0-4;61.854;59.183;121.037;9%;-9%
MALUKU UTARA;05-9;59.678;57.304;116.982;9%;-9%
MALUKU UTARA;10-14;63.001;58.751;121.752;10%;-9%
MALUKU UTARA;15-19;62.777;58.526;121.303;10%;-9%
MALUKU UTARA;20-24;62.810;59.109;121.919;10%;-9%
MALUKU UTARA;25-29;59.517;56.427;115.944;9%;-9%
MALUKU UTARA;30-34;54.728;52.523;107.251;8%;-8%
MALUKU UTARA;35-39;49.573;47.797;97.370;8%;-8%
MALUKU UTARA;40-44;44.334;42.873;87.207;7%;-7%
MALUKU UTARA;45-49;38.053;36.699;74.752;6%;-6%
MALUKU UTARA;50-54;30.948;29.502;60.450;5%;-5%
MALUKU UTARA;55-59;24.721;23.401;48.122;4%;-4%
MALUKU UTARA;60-64;18.579;17.382;35.961;3%;-3%
MALUKU UTARA;65-69;13.089;12.259;25.348;2%;-2%
MALUKU UTARA;70-74;7.623;7.359;14.982;1%;-1%
MALUKU UTARA;75-79;3.753;3.818;7.571;1%;-1%
MALUKU UTARA;80-84;1.704;1.821;3.525;0%;0%
MALUKU UTARA;85-89;548;633;1.181;0%;0%
MALUKU UTARA;90-94;109;141;250;0%;0%
MALUKU UTARA;95+;12;18;30;0%;0%
PAPUA BARAT;0-4;50.927;48.749;99.676;9%;-9%
PAPUA BARAT;05-9;48.271;46.409;94.680;8%;-9%
PAPUA BARAT;10-14;54.777;50.382;105.159;9%;-9%
PAPUA BARAT;15-19;56.604;51.408;108.012;9%;-10%
PAPUA BARAT;20-24;58.895;53.206;112.101;10%;-10%
PAPUA BARAT;25-29;57.368;51.418;108.786;10%;-10%
PAPUA BARAT;30-34;54.898;48.683;103.581;9%;-9%
PAPUA BARAT;35-39;49.777;43.812;93.589;8%;-8%
PAPUA BARAT;40-44;43.371;37.810;81.181;7%;-7%
PAPUA BARAT;45-49;36.377;31.517;67.894;6%;-6%
PAPUA BARAT;50-54;28.375;24.420;52.795;5%;-5%
PAPUA BARAT;55-59;21.873;18.730;40.603;4%;-3%
PAPUA BARAT;60-64;15.533;13.236;28.769;3%;-2%
PAPUA BARAT;65-69;10.462;8.876;19.338;2%;-2%
PAPUA BARAT;70-74;5.665;4.798;10.463;1%;-1%
PAPUA BARAT;75-79;2.676;2.296;4.972;0%;0%
PAPUA BARAT;80-84;975;893;1.868;0%;0%
PAPUA BARAT;85-89;259;249;508;0%;0%
PAPUA BARAT;90-94;39;42;81;0%;0%
PAPUA BARAT;95+;6;6;12;0%;0%
PAPUA;0-4;211.044;200.764;411.808;9%;-10%
PAPUA;05-9;210.341;200.589;410.930;9%;-10%
PAPUA;10-14;180.386;154.915;335.301;8%;-8%
PAPUA;15-19;186.945;157.463;344.408;8%;-8%
PAPUA;20-24;216.937;184.725;401.662;9%;-9%
PAPUA;25-29;216.788;187.429;404.217;9%;-9%
PAPUA;30-34;208.281;186.094;394.375;9%;-9%
PAPUA;35-39;191.350;172.407;363.757;8%;-9%
PAPUA;40-44;169.871;153.869;323.740;7%;-8%
PAPUA;45-49;145.204;129.353;274.557;6%;-6%
PAPUA;50-54;117.857;99.486;217.343;5%;-5%
PAPUA;55-59;91.516;74.283;165.799;4%;-4%
PAPUA;60-64;63.247;47.882;111.129;3%;-2%
PAPUA;65-69;40.922;29.414;70.336;2%;-1%
PAPUA;70-74;24.354;16.852;41.206;1%;-1%
PAPUA;75-79;12.640;8.548;21.188;1%;0%
PAPUA;80-84;5.270;3.537;8.807;0%;0%
PAPUA;85-89;1.553;1.060;2.613;0%;0%
PAPUA;90-94;278;202;480;0%;0%
PAPUA;95+;29;22;51;0%;0%
Total;0-4;11.293.711;10.778.786;22.072.497;8%;-8%
Total;05-9;11.295.307;10.799.048;22.094.355;8%;-8%
Total;10-14;11.449.769;10.746.111;22.195.880;8%;-8%
Total;15-19;11.495.696;10.816.894;22.312.590;8%;-8%
Total;20-24;11.632.238;11.050.132;22.682.370;9%;-8%
Total;25-29;11.410.784;10.945.191;22.355.975;8%;-8%
Total;30-34;11.109.053;10.795.496;21.904.549;8%;-8%
Total;35-39;10.556.654;10.354.273;20.910.927;8%;-8%
Total;40-44;10.014.632;9.928.479;19.943.111;7%;-7%
Total;45-49;9.025.557;8.996.940;18.022.497;7%;-7%
Total;50-54;7.872.400;7.873.992;15.746.392;6%;-6%
Total;55-59;6.546.325;6.574.527;13.120.852;5%;-5%
Total;60-64;5.091.717;5.117.776;10.209.493;4%;-4%
Total;65-69;3.681.457;3.772.554;7.454.011;3%;-3%
Total;70-74;2.179.067;2.374.851;4.553.918;2%;-2%
Total;75-79;1.180.035;1.440.697;2.620.732;1%;-1%
Total;80-84;574.872;770.110;1.344.982;0%;-1%
Total;85-89;202.174;310.612;512.786;0%;0%
Total;90-94;44.674;82.392;127.066;0%;0%
Total;95+;5.777;13.157;18.934;0%;0%
;;;;;;
;;;;;;
;;;;;;
;;;;;;
;;;;;;
;;;;;;
;;;;;;
;;;;;;
;;;;;;
;;;;;;
;;;;;;
;;;;;;
;;;;;;
;;;;;;
;;;;;;
;;;;;;
;;;;;;
;;;;;;
;;;;;;
;;;;;;
;;;;;;
